name,externalgroup,focus,accessibility,url,summary,notes
CogSecCollab incubator,CogSecCollab,,private slack,,,
Memetics: hacking belief systems,,,public facebook group,https://www.facebook.com/groups/memetics.hacking,,
Strategic communication engineering,,,public facebook group,https://www.facebook.com/groups/949960748352854,,
Digital investigations for journalists,Knight Foundation,,private facebook group,https://www.facebook.com/groups/328713905036655,course group,
Computational social science,,,private facebook group,https://www.facebook.com/groups/523771471380181,,
Political depolarization at the Commons,BuildUp,,private facebook group,https://www.facebook.com/groups/thecommonspolitics,,
r/DisinformationWatch,,,public reddit group,https://www.reddit.com/r/DisinformationWatch/,,
r/ActiveMeasures,,,public reddit group,https://www.reddit.com/r/ActiveMeasures/,,
r/DigitalManipulation,,,public reddit group,https://www.reddit.com/r/Digital_Manipulation/,,
r/TrollFare,,,public reddit group,https://www.reddit.com/r/trollfare/,,
r/Propaganda,,,public reddit group,https://www.reddit.com/r/propaganda/,,
CMU IDEAS slack,,,private slack,https://cmuideas.slack.com/,,
ArtIntoScience slack,,,private slack,https://artintoscience.slack.com/,,
TTO Slack,,,private slack,https://tto-conference.slack.com/,,
Misinfocon slack,,,private slack,https://misinfocon.slack.com/,,
Fake News Challenge slack,,,private slack,https://fakenewschallenge.slack.com/,,
